<?xml version="1.0" encoding="UTF-8"?>

<process name="stdflow" xmlns="http://jbpm.org/4.4/jpdl">
   <start g="20,250,48,48" name="开始">
      <transition g="-45,-22" name="to 申请" to="部门发起制修废标准"/>
   </start>
   <task assignee="#{owner}" form="stdapply/std_applymanage.jsp" g="150,242,162,52" name="部门发起制修废标准">
      <transition g="-41,-18" name="技术委员会审核" to="exclusive1"/>
   </task>
   <end g="1134,255,48,48" name="结束"/>
   <decision g="396,240,48,46" name="exclusive1">
   			<handler class="com.workflow.std.jbpm.HandlerDecision" />
      <transition g="439,75:8,-21" name="营销分技术委员会" to="营销分技术委员会"/>
      <transition g="484,165:-31,-15" name="专卖分技术委员会" to="专卖分技术委员会"/>
      <transition g="-48,-16" name="安全分技术委员会" to="安全分技术委员会"/>
      <transition g="486,357:-19,-12" name="物流分技术委员会" to="物流分技术委员会"/>
      <transition g="448,474:-47,-11" name="基础管理分技术委员会" to="基础管理分技术委员会"/>
   </decision>
   <task g="594,2,153,52" name="营销分技术委员会">
   <assignment-handler class="com.workflow.std.AssignTask.yingxiao">
   </assignment-handler>
      <transition g="223,23:-10,16" name="驳回" to="部门发起制修废标准"/>
      <transition g="884,26:-88,-4" name="审核通过" to="标准化委员会审核"/>
   </task>
   <task g="619,514,142,52" name="基础管理分技术委员会">
   <assignment-handler class="com.workflow.std.AssignTask.JiChu">
   </assignment-handler>
      <transition g="234,535:-14,-34" name="驳回" to="部门发起制修废标准"/>
      <transition g="890,544:-34,-22" name="审核通过" to="标准化委员会审核"/>
   </task>
   <task g="600,144,155,52" name="专卖分技术委员会">
   <assignment-handler class="com.workflow.std.AssignTask.ZhuanMai">
   </assignment-handler>
      <transition g="382,110:-75,53" name="驳回" to="部门发起制修废标准"/>
      <transition g="826,140:-113,-22" name="审核通过" to="标准化委员会审核"/>
   </task>
   <task g="608,244,151,52" name="安全分技术委员会"> 
   <assignment-handler class="com.workflow.std.AssignTask.AnQuan">
   </assignment-handler>
      <transition g="693,476:-16,-16" name="驳回" to="部门发起制修废标准"/>
      <transition g="-23,-19" name="审核通过" to="标准化委员会审核"/>
   </task>
   <task g="614,352,140,52" name="物流分技术委员会">
   <assignment-handler class="com.workflow.std.AssignTask.WuLiu">
   </assignment-handler>
      <transition g="399,431:-108,-100" name="驳回" to="部门发起制修废标准"/>
      <transition g="828,429:-27,-19" name="审核通过" to="标准化委员会审核"/>
   </task>
   <task g="814,247,144,52" name="标准化委员会审核">
   <assignment-handler class="com.workflow.std.AssignTask.WeiYuanHui">
   </assignment-handler>
      <transition g="-23,-30" name="审核通过" to="标准化办公室发布"/>
      <transition g="64,430:4,-14" name="驳回" to="部门发起制修废标准"/>
   </task>
   <task assignee="#{public}" form="stdapply/std_publicmanage.jsp" g="980,249,117,52" name="标准化办公室发布">
      <transition g="-16,-22" name="to 结束" to="结束"/>
   </task>
</process>